num,date,time,in_and_out,amount
569873,2023-10-26,07:13,1,271494
539661,2023-10-27,14:34,2,962839
754574,2023-10-27,00:50,2,611721
454548,2023-10-28,12:43,1,295529
692254,2023-10-21,17:59,2,953939
346930,2023-10-29,01:44,1,325214
523961,2023-10-21,12:53,2,495078
970921,2023-10-21,20:01,2,455263
365643,2023-10-29,00:09,1,579364
409180,2023-10-27,03:25,2,65305
955842,2023-10-20,08:50,1,754666
209575,2023-10-30,20:55,1,641621
53298,2023-10-25,10:11,1,765753
637724,2023-10-21,05:58,1,961565
237896,2023-10-23,01:59,1,842369
331289,2023-10-28,05:48,2,95647
666970,2023-10-25,00:06,2,114356
754574,2023-10-28,06:11,2,740884
721552,2023-10-28,08:41,2,854031
327363,2023-10-23,01:35,2,466605
115993,2023-10-29,00:51,2,332448
703056,2023-10-23,17:18,2,192801
660087,2023-10-22,18:29,1,642540
17633,2023-10-24,09:03,2,72442
115993,2023-10-30,20:14,1,919361
544758,2023-10-20,11:33,1,941803
63953,2023-10-28,09:18,2,878566
21489,2023-10-28,15:32,2,547137
343361,2023-10-23,21:58,2,607855
791914,2023-10-27,22:10,2,692318
589640,2023-10-25,08:52,1,340080
294927,2023-10-21,19:23,2,615593
384254,2023-10-25,23:43,1,254842
405915,2023-10-24,08:05,1,739596
438804,2023-10-25,03:50,1,348690
574568,2023-10-20,17:56,1,821160
331289,2023-10-23,15:02,1,856813
703056,2023-10-30,00:25,1,27994
721552,2023-10-30,15:18,1,635792
703056,2023-10-21,12:02,2,95979
596380,2023-10-21,21:43,1,634918
405915,2023-10-23,14:51,1,752997
721552,2023-10-27,15:16,1,762478
905905,2023-10-30,13:39,1,570673
574568,2023-10-29,13:31,1,876508
594991,2023-10-21,13:49,1,75468
589640,2023-10-24,20:02,2,457252
750603,2023-10-20,14:28,2,41292
84282,2023-10-21,06:40,2,209040
594991,2023-10-25,19:10,2,879050
237896,2023-10-22,22:17,1,804624
905905,2023-10-30,14:18,1,886492
692943,2023-10-25,05:39,2,122907
84282,2023-10-27,12:26,1,13846
718028,2023-10-30,01:11,2,943822
237896,2023-10-28,03:50,2,680457
11640,2023-10-26,02:19,2,160865
970921,2023-10-20,16:26,2,777598
666970,2023-10-25,08:38,1,570761
791914,2023-10-22,15:13,1,799190
409180,2023-10-25,00:45,2,706115
11640,2023-10-29,23:47,1,750382
833642,2023-10-26,07:57,2,869168
289282,2023-10-21,22:32,1,623460
660087,2023-10-25,02:49,1,251046
438804,2023-10-30,15:33,2,397042
21489,2023-10-30,17:45,2,33078
209575,2023-10-29,09:28,2,809696
17633,2023-10-20,15:26,1,466986
56911,2023-10-24,11:56,1,468048
152910,2023-10-27,03:35,1,926811
34665,2023-10-27,22:10,2,327217
704642,2023-10-20,11:45,2,197134
955842,2023-10-30,05:54,1,878129
875679,2023-10-22,15:01,1,421336
151614,2023-10-26,19:17,2,3558
454548,2023-10-20,17:23,1,862697
151614,2023-10-28,14:15,1,199712
721552,2023-10-29,06:42,1,916093
754574,2023-10-24,07:08,1,105048
718028,2023-10-26,13:44,1,22907
791914,2023-10-27,02:50,1,903202
602543,2023-10-22,10:29,2,120701
544758,2023-10-24,09:22,1,44353
229653,2023-10-23,11:17,2,585479
365643,2023-10-25,14:20,1,887473
268686,2023-10-29,12:03,2,746962
589640,2023-10-27,18:42,2,390542
346930,2023-10-22,02:33,1,393824
527763,2023-10-24,21:03,1,145183
544758,2023-10-24,17:38,2,353907
596380,2023-10-21,23:20,2,817278
345928,2023-10-20,04:16,1,282720
692943,2023-10-22,05:36,2,378439
31156,2023-10-28,14:48,1,307660
649482,2023-10-27,02:36,1,979113
978210,2023-10-24,07:30,1,898668
151329,2023-10-21,21:05,2,422754
447691,2023-10-24,09:02,2,113930
523961,2023-10-28,12:56,2,497030
574650,2023-10-25,04:20,1,502359
649482,2023-10-27,20:34,2,39662
754574,2023-10-25,16:55,1,964364
28364,2023-10-30,11:16,2,845277
836103,2023-10-21,13:23,1,847011
666970,2023-10-23,21:55,1,64127
569873,2023-10-20,18:35,1,412938
970921,2023-10-28,12:19,2,470333
334696,2023-10-29,22:12,1,443588
666970,2023-10-25,17:33,1,273591
407726,2023-10-22,05:47,2,201269
11640,2023-10-21,19:39,1,861910
63953,2023-10-20,04:34,2,788989
151614,2023-10-23,22:35,1,521234
31156,2023-10-24,04:48,1,672135
229653,2023-10-23,00:10,1,109713
614007,2023-10-27,23:01,2,379210
327363,2023-10-22,10:42,1,625204
334696,2023-10-22,09:56,2,669373
825135,2023-10-26,19:39,2,712317
637724,2023-10-27,20:14,2,665914
416811,2023-10-23,21:18,1,10177
574650,2023-10-25,20:56,2,37192
152910,2023-10-22,11:48,2,631858
544758,2023-10-26,10:10,2,753016
21489,2023-10-27,19:56,1,838804
666970,2023-10-28,19:10,1,69578
438804,2023-10-22,03:17,1,315043
573337,2023-10-27,07:15,2,903772
692943,2023-10-22,16:01,2,389360
486153,2023-10-26,09:23,1,601749
115993,2023-10-30,06:04,1,783250
574568,2023-10-23,05:57,2,561425
84282,2023-10-26,07:18,2,886563
569873,2023-10-29,19:06,1,892671
405915,2023-10-30,15:46,1,776728
750603,2023-10-24,17:36,2,348847
56911,2023-10-27,20:15,2,988752
754574,2023-10-26,00:55,2,849386
569873,2023-10-20,05:46,1,672122
350664,2023-10-23,05:57,2,764885
447691,2023-10-20,18:37,1,504712
890554,2023-10-22,01:11,2,933193
438517,2023-10-21,12:29,1,849650
11640,2023-10-26,22:31,1,641489
704642,2023-10-26,21:20,2,49318
523961,2023-10-27,03:53,1,21211
34665,2023-10-29,00:43,1,660568
637724,2023-10-21,00:32,2,204445
569873,2023-10-27,04:36,1,924086
905905,2023-10-29,07:35,2,644173
384254,2023-10-25,07:04,1,715685
789376,2023-10-29,18:39,2,826872
350664,2023-10-26,10:22,2,961427
268686,2023-10-30,23:07,1,544219
660087,2023-10-20,02:22,2,466176
596380,2023-10-23,18:44,2,373874
384254,2023-10-21,09:52,1,945740
229653,2023-10-27,03:04,2,944842
959725,2023-10-28,05:32,1,240811
115993,2023-10-30,00:39,2,531740
833642,2023-10-21,07:06,1,446663
237896,2023-10-26,13:55,1,981210
464892,2023-10-26,06:28,1,104031
890554,2023-10-22,10:33,1,829784
325651,2023-10-26,02:31,2,31599
53298,2023-10-25,22:16,2,82354
11640,2023-10-21,08:01,1,376705
780788,2023-10-20,15:53,2,364777
753031,2023-10-20,08:59,1,858791
349956,2023-10-21,10:04,1,218081
883783,2023-10-23,22:40,1,784311
883783,2023-10-24,23:39,2,722959
959725,2023-10-29,04:48,1,900911
331289,2023-10-22,00:48,2,117851
409180,2023-10-25,17:06,2,136481
959725,2023-10-23,23:42,2,351287
718028,2023-10-24,14:48,2,982649
955842,2023-10-30,23:16,2,192986
527763,2023-10-21,13:59,1,559130
407726,2023-10-24,17:27,1,394883
331289,2023-10-22,04:08,1,331237
539661,2023-10-23,12:28,1,791527
750603,2023-10-24,12:10,2,440177
17633,2023-10-20,01:56,1,630413
405915,2023-10-26,13:39,1,736279
114690,2023-10-22,05:36,2,313930
955842,2023-10-26,08:01,1,619789
574568,2023-10-24,04:04,2,88664
787264,2023-10-27,18:24,2,667990
152910,2023-10-20,17:18,2,428476
573337,2023-10-26,16:34,2,462734
219537,2023-10-25,07:53,2,998602
718028,2023-10-21,23:33,1,835209
464892,2023-10-24,00:34,1,585296
438517,2023-10-22,06:45,2,973360
209575,2023-10-22,22:30,2,452688
753031,2023-10-23,10:46,2,356923
151329,2023-10-22,05:01,2,484899
384254,2023-10-30,21:20,1,506765
285052,2023-10-23,18:05,2,1933
63953,2023-10-27,14:16,2,8155
454548,2023-10-24,01:08,1,805972
384254,2023-10-24,10:35,1,444816
21489,2023-10-27,13:12,1,711122
53298,2023-10-23,16:18,2,293694
384254,2023-10-20,12:22,1,283198
416811,2023-10-20,00:19,1,269040
31156,2023-10-28,10:06,2,466181
464892,2023-10-24,15:06,2,297163
285052,2023-10-30,04:30,1,624333
666970,2023-10-20,12:57,1,830721
594991,2023-10-24,06:38,2,123926
152910,2023-10-23,23:26,1,71401
890554,2023-10-24,05:34,2,545086
692254,2023-10-29,12:24,1,557188
464892,2023-10-26,08:12,2,777443
683345,2023-10-24,03:46,2,463853
596380,2023-10-29,00:32,1,164700
721552,2023-10-21,01:02,2,420707
527763,2023-10-27,20:03,1,586797
416811,2023-10-24,05:33,2,662817
718028,2023-10-26,00:03,1,499873
334696,2023-10-28,00:28,2,516655
289282,2023-10-20,08:45,2,314767
331289,2023-10-27,03:46,1,930439
345928,2023-10-23,04:16,1,372666
718028,2023-10-26,18:39,1,887332
152910,2023-10-21,14:44,1,719635
110281,2023-10-30,01:13,2,6736
349956,2023-10-20,22:07,1,651037
883783,2023-10-24,12:02,2,762420
105363,2023-10-22,07:18,2,200493
464892,2023-10-26,04:38,2,751143
447691,2023-10-26,01:27,1,346760
890554,2023-10-30,09:26,2,155210
325651,2023-10-22,06:56,2,135501
219537,2023-10-22,02:49,2,366129
569873,2023-10-26,22:20,2,408459
24532,2023-10-23,11:13,1,460611
219537,2023-10-29,05:07,1,949824
569873,2023-10-20,05:44,1,663933
666970,2023-10-22,22:54,2,59759
268686,2023-10-30,22:30,1,244386
294927,2023-10-24,11:41,1,739167
539661,2023-10-24,14:09,2,431419
54128,2023-10-20,19:06,2,609181
54128,2023-10-27,14:59,2,738320
718028,2023-10-23,16:13,2,278788
229653,2023-10-20,01:19,1,170769
958982,2023-10-20,05:27,2,686427
883783,2023-10-22,01:09,1,824894
574568,2023-10-30,18:46,1,638204
31156,2023-10-28,15:20,1,475744
660087,2023-10-25,02:17,1,635809
666970,2023-10-25,14:59,2,561934
54128,2023-10-25,21:14,2,30230
151329,2023-10-20,19:29,1,386615
666970,2023-10-23,05:17,2,196907
614007,2023-10-24,15:50,2,327400
151329,2023-10-26,00:01,2,505503
958982,2023-10-23,06:18,1,320670
955842,2023-10-21,02:20,1,483322
53298,2023-10-27,13:20,1,961700
471106,2023-10-27,02:10,2,461488
721552,2023-10-21,10:09,1,252859
523961,2023-10-22,13:43,2,927207
454548,2023-10-27,16:13,1,857745
574568,2023-10-28,01:47,2,41264
750603,2023-10-23,22:37,2,230740
350664,2023-10-24,00:01,2,335122
740021,2023-10-21,02:34,2,639718
327363,2023-10-23,04:26,2,815231
107342,2023-10-28,08:21,2,562210
836103,2023-10-24,13:34,2,243048
405915,2023-10-21,05:05,1,180960
24532,2023-10-26,13:23,1,228658
205714,2023-10-30,22:31,1,777962
346930,2023-10-28,17:29,2,900828
978210,2023-10-21,08:30,2,676539
766984,2023-10-21,08:04,2,240714
151614,2023-10-28,01:43,2,232321
110281,2023-10-23,02:07,1,543324
833642,2023-10-30,21:35,2,244951
596380,2023-10-30,16:25,2,300765
407726,2023-10-22,22:10,1,849084
573337,2023-10-28,07:38,2,384815
407726,2023-10-30,04:56,1,851440
350664,2023-10-26,02:51,1,185352
539661,2023-10-21,04:20,1,802204
219537,2023-10-27,02:02,1,246747
24532,2023-10-22,22:27,1,796883
569873,2023-10-25,11:40,1,659544
53298,2023-10-21,07:58,1,552008
84282,2023-10-25,15:15,2,477735
833642,2023-10-20,15:14,1,582508
289282,2023-10-22,16:51,2,848547
110281,2023-10-27,16:11,2,738433
666970,2023-10-24,03:29,1,633661
209575,2023-10-23,21:13,2,823519
484288,2023-10-26,06:27,1,218800
34665,2023-10-25,18:30,1,359835
107342,2023-10-30,02:47,1,272742
958982,2023-10-30,00:10,1,319714
405915,2023-10-25,11:05,1,767887
384254,2023-10-22,10:23,2,23056
334696,2023-10-30,22:00,1,25758
343361,2023-10-20,15:42,1,236743
289282,2023-10-25,09:15,1,860836
905905,2023-10-25,14:42,2,142450
454548,2023-10-27,15:34,2,148956
11640,2023-10-24,01:23,1,680606
447691,2023-10-26,16:25,2,10102
471106,2023-10-24,05:01,2,795960
229653,2023-10-29,12:17,1,428799
569873,2023-10-22,22:55,1,524870
692254,2023-10-29,03:17,1,83517
447691,2023-10-23,14:16,1,258783
405915,2023-10-22,00:13,1,752661
666970,2023-10-26,14:48,1,650653
384254,2023-10-27,09:26,1,644809
438517,2023-10-20,18:41,2,356779
110281,2023-10-26,11:21,1,656162
34665,2023-10-27,15:20,1,375774
484288,2023-10-30,04:09,1,480371
343361,2023-10-28,12:37,2,170168
110281,2023-10-26,22:23,2,282948
53298,2023-10-26,04:47,1,325860
152910,2023-10-24,15:14,2,36626
67201,2023-10-28,02:22,2,979465
825135,2023-10-20,13:06,2,414256
875679,2023-10-21,21:07,2,363425
53298,2023-10-20,04:05,1,286314
110281,2023-10-20,15:39,2,713793
825135,2023-10-29,23:19,2,719440
476682,2023-10-23,20:21,2,404826
602543,2023-10-23,21:33,1,593535
447691,2023-10-23,04:27,2,170448
544758,2023-10-25,09:05,1,613347
978210,2023-10-29,23:15,1,998566
958982,2023-10-25,17:47,2,656108
484288,2023-10-25,15:24,2,820810
209575,2023-10-29,01:26,2,178296
883783,2023-10-22,11:43,1,463355
350664,2023-10-25,12:17,1,994688
875679,2023-10-27,13:46,2,783582
294927,2023-10-23,03:57,1,575540
574568,2023-10-24,21:23,1,555253
28364,2023-10-21,23:07,1,607846
649482,2023-10-28,21:53,2,791417
740021,2023-10-24,04:29,2,298806
573337,2023-10-26,21:47,2,992220
594991,2023-10-28,09:32,2,358890
660087,2023-10-26,22:27,1,885776
883783,2023-10-28,18:42,1,822765
17633,2023-10-29,09:11,2,378475
704642,2023-10-20,17:39,2,667592
294927,2023-10-23,19:25,1,379818
152910,2023-10-22,02:23,1,661555
11640,2023-10-30,16:43,2,20072
24532,2023-10-23,20:30,1,287806
750603,2023-10-26,02:08,1,600982
325651,2023-10-23,23:09,2,905721
539661,2023-10-21,22:04,1,172477
107342,2023-10-21,08:05,2,665583
31156,2023-10-24,23:57,2,458455
285052,2023-10-25,18:06,2,95032
833642,2023-10-20,12:03,2,11503
476682,2023-10-24,21:45,1,799385
31156,2023-10-26,00:42,2,813115
836103,2023-10-30,10:16,2,730962
34665,2023-10-29,07:50,2,371808
237896,2023-10-22,14:16,2,344055
959725,2023-10-26,03:56,2,965655
151329,2023-10-22,12:21,1,85441
237896,2023-10-25,10:08,2,4712
56911,2023-10-23,00:21,1,704011
327363,2023-10-27,06:18,1,329811
959725,2023-10-25,21:01,2,949242
350664,2023-10-30,21:15,2,426159
416811,2023-10-22,03:42,1,423838
833642,2023-10-28,06:50,1,170826
350664,2023-10-22,05:40,2,739575
589640,2023-10-20,04:52,1,863496
970921,2023-10-30,18:42,2,995811
750603,2023-10-25,06:46,1,84651
970921,2023-10-22,02:11,2,211398
594991,2023-10-25,05:56,2,820332
594991,2023-10-28,09:22,2,954201
544758,2023-10-27,01:34,1,40477
384254,2023-10-29,15:37,1,672714
539661,2023-10-20,21:05,2,857526
114690,2023-10-23,16:07,2,640568
343361,2023-10-27,03:03,1,743997
447691,2023-10-30,21:58,1,499632
67201,2023-10-28,13:32,1,569842
666970,2023-10-28,16:01,2,2581
683345,2023-10-21,06:08,1,448511
438517,2023-10-25,03:05,2,352120
825259,2023-10-28,11:22,2,882181
836103,2023-10-21,23:41,1,332285
405915,2023-10-22,15:24,1,20134
574650,2023-10-29,06:22,1,46284
471106,2023-10-30,03:14,1,732789
833642,2023-10-26,13:58,1,629617
67201,2023-10-22,17:03,2,963012
114690,2023-10-26,10:03,1,462115
11640,2023-10-29,19:55,2,704977
833642,2023-10-29,08:05,2,432252
750603,2023-10-20,17:38,2,841382
594991,2023-10-23,01:41,2,67207
11640,2023-10-21,02:31,1,27459
958982,2023-10-20,02:47,1,423377
294927,2023-10-30,20:44,1,338484
54128,2023-10-28,22:04,2,499681
666970,2023-10-20,13:22,2,829140
594991,2023-10-20,21:39,1,877239
666970,2023-10-25,11:13,2,103270
718028,2023-10-20,04:57,1,953215
151329,2023-10-30,09:10,2,38592
883783,2023-10-26,03:10,2,164481
955842,2023-10-22,22:11,1,183097
683345,2023-10-22,07:33,1,988969
345928,2023-10-25,06:31,1,506375
384254,2023-10-30,12:50,2,46315
438804,2023-10-23,06:13,2,344530
28364,2023-10-23,05:14,2,237021
692943,2023-10-26,13:12,2,380934
237896,2023-10-22,00:52,2,592360
67201,2023-10-20,15:20,1,975492
407726,2023-10-20,23:09,2,753368
753031,2023-10-22,10:54,1,26389
637724,2023-10-28,19:33,1,40037
978210,2023-10-21,12:17,1,816134
544758,2023-10-30,00:23,2,825967
959725,2023-10-26,05:38,2,595638
825135,2023-10-25,03:10,1,967350
692254,2023-10-25,09:56,1,559257
209575,2023-10-21,22:42,1,427566
237896,2023-10-30,22:44,2,101248
740021,2023-10-26,16:24,1,494020
825259,2023-10-23,16:25,2,251716
589640,2023-10-27,11:11,2,965129
407726,2023-10-21,04:50,2,289277
152910,2023-10-25,19:50,1,633375
294927,2023-10-27,23:16,1,289703
229653,2023-10-29,19:07,2,909465
31156,2023-10-30,07:25,1,560435
978210,2023-10-22,02:02,2,28098
67201,2023-10-26,21:52,2,453988
464892,2023-10-27,13:55,2,169219
28364,2023-10-25,12:33,2,431066
692943,2023-10-29,19:58,2,798838
486153,2023-10-21,14:16,2,362200
331289,2023-10-30,00:22,2,803348
718028,2023-10-30,06:30,1,205199
602543,2023-10-22,11:40,2,310424
825259,2023-10-30,11:42,1,305252
955842,2023-10-26,20:02,1,715363
471106,2023-10-24,03:31,2,763234
219537,2023-10-25,10:06,1,138576
649482,2023-10-29,21:03,2,173810
959725,2023-10-26,06:43,2,486036
114690,2023-10-30,03:59,1,815578
574568,2023-10-28,12:00,1,177454
544758,2023-10-23,16:16,1,239337
959725,2023-10-28,00:13,1,858766
53298,2023-10-25,11:16,2,751250
447691,2023-10-30,10:51,1,841547
471106,2023-10-24,07:59,1,359110
384254,2023-10-28,07:14,2,559029
780788,2023-10-22,00:22,2,775736
268686,2023-10-28,01:08,2,245930
825259,2023-10-25,07:29,2,994798
718028,2023-10-28,20:19,2,430023
471106,2023-10-21,05:48,1,154819
883783,2023-10-29,18:08,1,730697
683345,2023-10-30,02:24,1,624727
589640,2023-10-29,04:54,1,279634
780788,2023-10-29,18:30,1,394113
666970,2023-10-20,22:20,1,121005
349956,2023-10-27,13:32,2,113393
151614,2023-10-27,01:48,2,612634
63953,2023-10-24,14:01,2,851536
683345,2023-10-23,03:14,1,588928
955842,2023-10-21,08:54,1,27034
589640,2023-10-22,01:52,2,637801
17633,2023-10-23,22:24,2,742530
825135,2023-10-26,00:45,2,22198
527763,2023-10-22,19:54,2,179658
107342,2023-10-29,03:33,1,960766
825259,2023-10-21,07:58,2,350779
105363,2023-10-28,23:40,2,41006
409180,2023-10-29,15:21,1,281744
486153,2023-10-27,17:00,2,495640
594991,2023-10-22,09:07,1,567281
349956,2023-10-22,00:06,2,893575
438517,2023-10-22,14:26,2,72189
56911,2023-10-27,13:45,2,593621
471106,2023-10-28,02:08,1,278425
409180,2023-10-23,08:48,1,311106
331289,2023-10-25,00:09,1,145368
17633,2023-10-20,02:52,1,614985
970921,2023-10-23,17:05,1,34670
209575,2023-10-28,09:17,2,748807
780788,2023-10-21,11:43,2,586727
958982,2023-10-25,11:30,1,719050
883783,2023-10-23,17:10,1,521920
833642,2023-10-24,05:56,1,9408
53298,2023-10-25,07:09,2,96119
114690,2023-10-24,08:17,2,237248
110281,2023-10-25,13:29,2,902543
476682,2023-10-22,00:46,1,301888
614007,2023-10-27,17:49,2,296641
569873,2023-10-29,04:30,1,871527
683345,2023-10-21,20:01,2,372307
486153,2023-10-27,15:41,1,688057
21489,2023-10-25,01:32,2,452904
791914,2023-10-25,16:21,2,804598
67201,2023-10-24,13:13,1,503031
484288,2023-10-21,11:57,2,161760
958982,2023-10-23,20:55,1,974811
574650,2023-10-27,11:51,1,115318
825135,2023-10-26,08:04,2,487398
539661,2023-10-27,13:28,1,708449
209575,2023-10-28,04:56,2,510319
105363,2023-10-25,15:33,1,96360
718028,2023-10-25,01:25,2,934259
105363,2023-10-26,11:49,1,603333
67201,2023-10-20,22:39,2,98019
594991,2023-10-23,06:17,2,187246
649482,2023-10-22,20:16,2,29636
105363,2023-10-20,02:33,1,401261
346930,2023-10-20,18:44,1,122151
438517,2023-10-29,20:13,1,85527
110281,2023-10-27,23:58,1,888948
883783,2023-10-28,12:02,2,70023
346930,2023-10-22,09:21,1,237975
890554,2023-10-26,18:05,2,846602
883783,2023-10-26,06:27,1,399765
476682,2023-10-20,14:14,2,29940
407726,2023-10-25,14:32,2,867255
574650,2023-10-30,11:28,2,671873
692254,2023-10-29,06:01,1,263946
464892,2023-10-21,07:33,2,25304
780788,2023-10-22,17:46,1,397315
219537,2023-10-29,01:21,2,211452
890554,2023-10-28,22:45,1,586782
464892,2023-10-27,13:45,1,533722
325651,2023-10-27,04:25,1,477000
955842,2023-10-25,03:18,1,436436
602543,2023-10-26,13:31,1,592428
486153,2023-10-25,21:52,1,475846
787264,2023-10-25,16:48,2,812878
471106,2023-10-20,05:33,2,758555
883783,2023-10-28,00:49,2,801330
683345,2023-10-27,16:18,1,450352
343361,2023-10-24,12:41,2,498174
331289,2023-10-23,02:02,2,297294
349956,2023-10-30,12:57,2,628566
544758,2023-10-28,01:14,1,196720
754574,2023-10-28,16:30,1,992160
905905,2023-10-22,17:26,2,38467
447691,2023-10-29,12:38,1,802946
704642,2023-10-26,01:57,1,431457
53298,2023-10-23,11:16,1,409882
978210,2023-10-25,08:26,1,759093
637724,2023-10-22,06:52,2,159540
836103,2023-10-29,14:51,2,942517
17633,2023-10-29,07:14,1,627116
107342,2023-10-20,05:15,1,511452
438517,2023-10-25,19:54,1,540
229653,2023-10-20,02:00,1,254647
107342,2023-10-30,21:22,1,692932
825135,2023-10-21,03:15,2,969521
589640,2023-10-30,18:35,2,928422
825135,2023-10-25,20:19,2,718744
660087,2023-10-22,10:43,2,584444
11640,2023-10-27,05:19,2,460219
17633,2023-10-25,01:17,2,70594
331289,2023-10-23,23:52,1,788155
544758,2023-10-26,17:19,2,742135
327363,2023-10-23,14:42,2,738425
229653,2023-10-20,05:05,2,217394
115993,2023-10-26,11:53,2,567116
219537,2023-10-30,05:16,1,701250
692254,2023-10-28,13:15,2,323624
825259,2023-10-28,23:50,1,82087
438517,2023-10-27,15:35,1,213864
890554,2023-10-29,19:20,2,327244
666970,2023-10-20,15:19,1,643684
959725,2023-10-29,21:59,2,160831
704642,2023-10-24,18:55,1,622348
325651,2023-10-24,08:13,1,401309
569873,2023-10-28,19:50,2,239397
527763,2023-10-24,03:39,1,46148
544758,2023-10-25,09:19,2,66374
152910,2023-10-27,18:51,2,334955
569873,2023-10-20,22:57,1,455344
438517,2023-10-30,06:37,1,798636
331289,2023-10-20,03:14,1,739770
740021,2023-10-23,08:32,1,659891
766984,2023-10-24,19:31,2,121037
958982,2023-10-24,14:02,2,646109
836103,2023-10-23,07:34,1,355201
539661,2023-10-28,21:35,1,169265
53298,2023-10-20,13:08,2,347688
692254,2023-10-25,06:54,1,643255
970921,2023-10-26,15:06,1,263742
703056,2023-10-21,04:15,1,903064
527763,2023-10-22,06:14,2,36343
151329,2023-10-23,15:58,2,101519
970921,2023-10-23,22:36,1,727381
17633,2023-10-23,19:24,2,211189
438517,2023-10-27,05:59,2,165635
766984,2023-10-25,07:01,1,226564
704642,2023-10-25,21:28,1,290268
970921,2023-10-30,23:33,1,87328
17633,2023-10-25,01:21,2,914598
21489,2023-10-25,04:24,1,88678
294927,2023-10-20,06:02,2,842373
649482,2023-10-22,09:31,2,211193
539661,2023-10-28,10:11,2,907090
325651,2023-10-21,02:39,2,527150
346930,2023-10-26,11:05,1,84277
527763,2023-10-27,07:21,2,182594
484288,2023-10-23,15:51,2,706354
63953,2023-10-24,08:37,1,24018
573337,2023-10-30,03:08,2,79874
17633,2023-10-25,19:35,2,574459
289282,2023-10-24,13:53,1,821327
21489,2023-10-23,04:36,1,272181
84282,2023-10-20,01:18,2,438930
791914,2023-10-29,15:10,1,265781
365643,2023-10-28,16:22,2,932588
325651,2023-10-21,17:30,2,392662
28364,2023-10-28,18:41,1,242234
21489,2023-10-27,15:34,2,32095
343361,2023-10-21,15:23,2,103203
750603,2023-10-22,18:53,2,15933
285052,2023-10-25,19:50,2,130611
152910,2023-10-23,04:21,2,295375
766984,2023-10-26,07:08,2,493588
63953,2023-10-20,06:42,1,743618
152910,2023-10-25,08:08,1,261324
544758,2023-10-23,13:08,2,827190
331289,2023-10-22,04:33,2,570604
959725,2023-10-22,01:44,1,906169
875679,2023-10-26,15:39,1,255170
476682,2023-10-28,23:25,1,923866
407726,2023-10-30,10:47,1,781176
787264,2023-10-28,11:51,2,837396
21489,2023-10-20,02:55,2,828357
614007,2023-10-20,01:44,2,175962
825259,2023-10-28,05:54,2,222812
569873,2023-10-28,23:22,2,108041
350664,2023-10-21,07:23,1,942799
666970,2023-10-20,05:40,1,781920
31156,2023-10-27,08:59,2,432488
958982,2023-10-30,06:38,2,270800
875679,2023-10-21,01:00,1,614499
787264,2023-10-23,11:34,1,798602
978210,2023-10-28,01:31,1,726792
325651,2023-10-23,15:48,2,744636
683345,2023-10-30,04:19,1,628960
384254,2023-10-28,00:21,2,14148
84282,2023-10-22,15:46,2,699242
11640,2023-10-25,01:04,2,526124
589640,2023-10-24,03:16,1,23596
409180,2023-10-23,11:15,2,355863
718028,2023-10-24,10:32,2,146090
718028,2023-10-24,12:13,2,365954
836103,2023-10-29,03:10,2,415092
407726,2023-10-26,03:27,2,707351
285052,2023-10-29,12:07,1,197982
740021,2023-10-23,23:39,2,539358
28364,2023-10-28,18:55,1,846962
84282,2023-10-28,14:50,2,961617
574650,2023-10-24,11:19,2,316305
54128,2023-10-30,20:18,1,827807
24532,2023-10-23,18:56,2,481106
780788,2023-10-21,08:38,1,211033
84282,2023-10-21,13:36,2,832472
883783,2023-10-23,04:14,1,648181
753031,2023-10-30,03:16,2,639000
766984,2023-10-20,20:04,1,21655
438517,2023-10-22,08:16,2,862014
343361,2023-10-26,19:26,2,774205
349956,2023-10-25,06:59,1,610351
740021,2023-10-21,01:48,1,805389
753031,2023-10-20,17:56,2,369926
110281,2023-10-23,00:02,2,206369
365643,2023-10-22,13:13,1,520416
17633,2023-10-22,10:11,2,615307
384254,2023-10-23,03:34,1,56789
740021,2023-10-29,11:37,1,677781
589640,2023-10-30,03:55,1,526872
666970,2023-10-26,08:29,2,347858
836103,2023-10-30,20:17,1,749134
905905,2023-10-25,01:21,1,331479
17633,2023-10-24,13:47,2,504627
438517,2023-10-25,08:08,2,939329
589640,2023-10-21,16:22,2,843217
285052,2023-10-22,20:49,1,537322
594991,2023-10-28,00:53,2,637543
325651,2023-10-26,08:18,1,636987
890554,2023-10-22,00:00,1,612920
67201,2023-10-21,02:29,1,783031
409180,2023-10-24,09:54,1,717830
476682,2023-10-26,21:28,2,289538
649482,2023-10-30,04:00,2,533808
346930,2023-10-21,18:40,1,42885
438517,2023-10-20,05:44,1,931508
721552,2023-10-26,00:39,2,821895
409180,2023-10-20,19:27,2,662615
692254,2023-10-21,18:46,2,675181
407726,2023-10-23,01:19,1,219403
471106,2023-10-20,20:16,1,628184
209575,2023-10-22,17:31,2,426452
209575,2023-10-28,08:39,1,778775
325651,2023-10-28,08:47,1,587798
350664,2023-10-30,19:56,1,617143
28364,2023-10-21,11:40,2,301789
766984,2023-10-24,01:50,1,422722
825135,2023-10-20,09:09,1,548898
683345,2023-10-21,13:38,1,670543
205714,2023-10-22,06:53,1,873084
476682,2023-10-28,02:31,1,983877
649482,2023-10-25,12:42,1,776309
637724,2023-10-22,08:38,2,606456
285052,2023-10-21,04:26,1,391137
219537,2023-10-24,00:10,2,347931
825135,2023-10-27,16:01,2,561725
152910,2023-10-21,18:27,1,330856
107342,2023-10-26,19:32,2,568548
409180,2023-10-28,13:55,2,543846
114690,2023-10-23,07:14,1,675583
209575,2023-10-28,01:56,2,155389
114690,2023-10-22,12:59,1,36120
569873,2023-10-30,03:30,1,696525
56911,2023-10-28,02:17,2,592751
754574,2023-10-25,02:10,2,421660
527763,2023-10-25,03:34,2,537302
958982,2023-10-23,00:04,1,760431
569873,2023-10-25,11:32,2,830996
539661,2023-10-20,03:56,1,602265
114690,2023-10-27,03:24,1,385866
740021,2023-10-29,08:55,1,572259
959725,2023-10-28,13:23,1,42215
237896,2023-10-25,21:20,1,988268
349956,2023-10-22,21:48,2,282342
334696,2023-10-27,06:16,2,1367
589640,2023-10-23,21:20,2,778932
875679,2023-10-25,06:34,1,966806
229653,2023-10-27,05:58,1,873566
569873,2023-10-24,23:53,2,223377
959725,2023-10-27,19:55,1,641279
107342,2023-10-25,16:31,2,450824
237896,2023-10-30,18:08,1,537292
574568,2023-10-26,21:58,1,386541
825259,2023-10-24,07:12,1,221638
602543,2023-10-23,07:41,2,988074
54128,2023-10-23,05:05,2,654293
836103,2023-10-22,07:45,2,255407
331289,2023-10-24,06:29,1,562586
21489,2023-10-29,22:54,1,937089
325651,2023-10-27,16:31,1,725436
750603,2023-10-29,18:40,2,634633
787264,2023-10-21,17:07,2,948690
219537,2023-10-24,16:38,2,286715
539661,2023-10-23,20:14,2,885051
471106,2023-10-25,20:08,1,45432
660087,2023-10-23,22:34,1,888041
970921,2023-10-27,14:27,1,263040
486153,2023-10-24,23:45,2,440170
365643,2023-10-30,01:03,2,57098
649482,2023-10-20,07:56,2,167472
476682,2023-10-24,10:40,2,323884
955842,2023-10-26,19:46,2,393191
438804,2023-10-30,22:07,1,761465
666970,2023-10-30,22:37,1,530717
405915,2023-10-30,02:08,2,768531
84282,2023-10-21,05:43,1,21179
229653,2023-10-21,11:26,2,95923
527763,2023-10-26,19:59,1,809677
703056,2023-10-29,07:36,1,291215
484288,2023-10-22,19:47,1,619052
438804,2023-10-22,12:38,1,918477
105363,2023-10-24,14:28,2,826782
754574,2023-10-22,08:51,2,214368
666970,2023-10-22,12:04,2,998516
750603,2023-10-23,12:07,1,368521
346930,2023-10-30,14:31,2,711043
350664,2023-10-24,00:34,1,942077
875679,2023-10-29,16:34,2,830245
84282,2023-10-23,19:12,1,937685
331289,2023-10-23,21:19,1,438512
350664,2023-10-22,03:40,2,564712
229653,2023-10-28,14:51,2,995706
438804,2023-10-30,02:46,1,478807
365643,2023-10-30,11:10,2,242686
289282,2023-10-30,17:06,2,708084
21489,2023-10-23,12:42,1,366793
334696,2023-10-24,05:02,2,564812
527763,2023-10-24,04:01,1,299619
955842,2023-10-26,07:05,1,183712
825259,2023-10-21,13:05,1,542018
692254,2023-10-27,22:59,1,443082
594991,2023-10-28,14:45,1,798352
753031,2023-10-21,14:15,2,461892
637724,2023-10-26,20:14,1,361050
569873,2023-10-26,09:21,1,809740
21489,2023-10-28,14:45,1,687933
34665,2023-10-24,13:28,2,541326
476682,2023-10-29,23:20,2,220343
704642,2023-10-23,09:02,2,91987
523961,2023-10-28,16:19,2,127512
486153,2023-10-30,03:05,2,785822
289282,2023-10-22,00:57,1,211301
105363,2023-10-23,21:41,1,627584
825259,2023-10-26,15:38,1,930643
955842,2023-10-23,16:36,1,229108
334696,2023-10-21,00:40,1,969629
523961,2023-10-28,05:06,1,633125
660087,2023-10-28,20:27,2,629940
31156,2023-10-30,11:46,2,705330
718028,2023-10-30,21:07,1,367833
958982,2023-10-23,04:23,1,207196
107342,2023-10-23,20:48,1,865782
883783,2023-10-22,01:36,1,475783
718028,2023-10-21,06:49,2,876536
289282,2023-10-24,16:58,2,345029
110281,2023-10-30,18:07,2,919900
416811,2023-10-21,09:35,1,866782
53298,2023-10-25,06:04,1,241275
692254,2023-10-26,21:20,1,898496
405915,2023-10-27,01:32,2,150971
151329,2023-10-30,09:48,2,775117
151614,2023-10-22,05:13,1,532547
637724,2023-10-25,16:41,1,376958
660087,2023-10-23,21:45,2,546770
63953,2023-10-26,14:31,2,413938
34665,2023-10-22,06:54,2,80849
205714,2023-10-30,03:57,1,552301
660087,2023-10-29,12:12,2,366922
544758,2023-10-29,05:31,1,918740
703056,2023-10-26,08:41,2,777060
454548,2023-10-21,08:10,1,146063
107342,2023-10-28,16:34,2,982420
753031,2023-10-20,00:15,2,786489
718028,2023-10-29,16:17,1,715610
349956,2023-10-30,16:59,1,105906
53298,2023-10-23,01:32,1,31571
21489,2023-10-30,16:14,1,488273
594991,2023-10-29,00:52,2,736851
970921,2023-10-26,14:05,1,249131
384254,2023-10-21,20:53,1,520794
289282,2023-10-30,13:17,1,13797
438804,2023-10-22,05:55,1,906148
836103,2023-10-22,08:38,1,71213
464892,2023-10-24,22:02,1,282625
345928,2023-10-27,04:20,2,606411
890554,2023-10-20,11:21,1,148226
325651,2023-10-20,09:05,2,349027
602543,2023-10-30,03:27,2,409455
405915,2023-10-24,04:09,1,222612
683345,2023-10-21,16:28,1,259898
151329,2023-10-23,20:24,2,335208
573337,2023-10-24,10:57,2,606330
151329,2023-10-28,09:29,1,745335
447691,2023-10-29,15:27,2,968894
614007,2023-10-24,12:41,1,466782
289282,2023-10-30,08:37,2,248409
589640,2023-10-24,10:29,2,88799
596380,2023-10-22,00:07,2,27540
569873,2023-10-30,13:36,2,54494
384254,2023-10-24,18:06,2,490951
294927,2023-10-29,23:00,1,168112
883783,2023-10-24,16:54,1,880563
569873,2023-10-24,19:20,1,508347
718028,2023-10-24,01:24,2,139157
438517,2023-10-27,13:41,2,996658
753031,2023-10-20,11:12,1,355351
594991,2023-10-21,04:15,1,457260
833642,2023-10-25,06:11,1,346475
471106,2023-10-22,22:00,1,262106
11640,2023-10-27,03:26,2,182208
825135,2023-10-25,21:56,2,890318
740021,2023-10-26,11:07,2,612451
464892,2023-10-21,13:13,2,137383
523961,2023-10-20,14:29,2,686380
409180,2023-10-23,08:48,2,668018
875679,2023-10-21,23:24,2,60072
151614,2023-10-24,16:08,1,316013
791914,2023-10-28,02:34,1,585004
416811,2023-10-30,19:45,2,141
331289,2023-10-20,17:41,1,355786
285052,2023-10-25,02:47,2,888022
614007,2023-10-23,15:29,2,924352
416811,2023-10-29,23:46,2,274232
327363,2023-10-22,11:18,2,419770
573337,2023-10-21,01:30,1,112343
447691,2023-10-23,16:44,2,571236
649482,2023-10-28,22:04,2,931995
115993,2023-10-21,17:40,2,776459
905905,2023-10-23,18:56,1,717240
28364,2023-10-27,11:06,1,173766
704642,2023-10-24,21:16,1,461224
21489,2023-10-29,23:18,1,587956
825259,2023-10-20,08:48,1,105324
833642,2023-10-21,00:40,2,218797
602543,2023-10-26,03:01,1,485613
589640,2023-10-29,21:51,2,195636
574568,2023-10-30,02:10,1,617628
890554,2023-10-29,01:27,1,297052
958982,2023-10-28,13:24,2,495874
384254,2023-10-27,06:10,2,361326
766984,2023-10-22,20:24,1,921743
438804,2023-10-27,15:40,2,673898
405915,2023-10-25,23:20,2,652109
63953,2023-10-24,07:36,1,22036
464892,2023-10-27,03:14,1,207341
569873,2023-10-29,00:57,2,578521
692254,2023-10-20,14:30,2,434051
704642,2023-10-27,04:56,2,12490
614007,2023-10-29,22:46,1,71430
334696,2023-10-22,19:55,1,754020
151329,2023-10-30,19:20,2,643237
791914,2023-10-23,02:27,1,448868
405915,2023-10-28,21:42,2,752292
268686,2023-10-25,00:06,1,207287
294927,2023-10-24,12:55,2,470682
21489,2023-10-28,22:04,2,67323
34665,2023-10-21,11:57,2,397322
589640,2023-10-26,20:06,2,819565
589640,2023-10-30,06:15,1,296940
334696,2023-10-26,06:58,1,658405
740021,2023-10-30,06:13,2,706055
334696,2023-10-22,17:53,2,707349
740021,2023-10-26,20:01,2,492501
955842,2023-10-25,12:11,2,439082
407726,2023-10-30,09:13,1,363500
34665,2023-10-26,04:40,2,462282
833642,2023-10-21,22:13,1,347499
105363,2023-10-26,07:17,1,655260
574650,2023-10-22,16:40,1,861707
53298,2023-10-21,04:16,1,185777
438517,2023-10-20,01:09,1,680509
753031,2023-10-20,06:51,2,707974
740021,2023-10-22,07:45,2,416130
107342,2023-10-24,17:31,1,167138
409180,2023-10-22,02:52,1,693067
649482,2023-10-27,17:00,2,769356
833642,2023-10-24,08:23,2,33876
527763,2023-10-24,05:07,2,797032
704642,2023-10-21,22:26,1,802407
289282,2023-10-24,02:31,1,975207
54128,2023-10-30,07:27,2,574827
219537,2023-10-26,08:04,1,444543
229653,2023-10-20,17:01,1,386765
883783,2023-10-24,23:05,2,60818
883783,2023-10-20,03:19,1,163404
84282,2023-10-22,10:04,2,680909
666970,2023-10-29,07:26,1,21202
268686,2023-10-28,04:05,1,834239
464892,2023-10-21,17:49,1,637038
683345,2023-10-30,14:21,1,211569
523961,2023-10-27,14:38,2,84202
649482,2023-10-27,09:19,2,525768
24532,2023-10-22,21:07,1,144910
596380,2023-10-26,00:03,1,84670
384254,2023-10-28,05:48,1,765902
955842,2023-10-23,06:35,1,764599
825259,2023-10-25,08:54,2,588979
63953,2023-10-29,13:31,2,952949
833642,2023-10-23,19:59,1,159893
438517,2023-10-26,03:44,2,770901
205714,2023-10-25,12:46,2,21984
573337,2023-10-20,17:03,1,270327
110281,2023-10-30,23:06,1,684178
692254,2023-10-22,01:09,1,868679
334696,2023-10-27,22:06,1,288901
594991,2023-10-22,12:47,1,180557
17633,2023-10-25,11:27,2,209826
384254,2023-10-21,02:39,2,151636
384254,2023-10-24,07:34,2,198725
836103,2023-10-21,15:01,1,369751
209575,2023-10-21,04:51,2,812324
569873,2023-10-28,11:36,2,33545
836103,2023-10-25,18:42,1,413223
34665,2023-10-26,04:19,2,816186
692943,2023-10-24,09:59,1,780687
766984,2023-10-21,07:30,2,680062
890554,2023-10-20,14:32,2,237744
289282,2023-10-22,07:51,2,387238
152910,2023-10-30,10:23,1,179257
53298,2023-10-23,23:37,1,427831
205714,2023-10-30,10:54,1,270591
883783,2023-10-20,00:59,1,345399
753031,2023-10-26,16:48,1,611372
955842,2023-10-23,03:00,1,674171
327363,2023-10-23,02:44,2,918278
327363,2023-10-30,01:00,2,621965
345928,2023-10-25,11:10,2,382959
649482,2023-10-20,09:18,2,381352
750603,2023-10-27,03:02,1,757456
825135,2023-10-30,06:19,2,801317
84282,2023-10-20,23:16,1,644499
268686,2023-10-27,09:36,2,794385
31156,2023-10-22,17:32,1,711698
574568,2023-10-26,09:39,2,867477
110281,2023-10-30,04:00,1,264974
56911,2023-10-22,21:54,1,315421
268686,2023-10-22,01:06,1,161715
602543,2023-10-22,11:11,2,269074
151329,2023-10-30,12:55,2,335997
346930,2023-10-26,00:04,2,486642
721552,2023-10-24,16:26,2,269494
602543,2023-10-24,14:56,2,637452
539661,2023-10-20,03:16,2,982817
589640,2023-10-28,06:50,1,442371
766984,2023-10-30,22:47,2,757460
34665,2023-10-20,19:21,2,582532
666970,2023-10-24,06:27,1,30741
53298,2023-10-30,15:21,2,994333
346930,2023-10-25,03:45,2,549376
107342,2023-10-28,20:06,2,606249
750603,2023-10-29,02:59,1,636660
11640,2023-10-23,16:02,2,451342
56911,2023-10-23,16:08,1,173342
438517,2023-10-27,23:50,1,979361
53298,2023-10-25,14:30,2,901894
780788,2023-10-22,11:27,2,820509
602543,2023-10-27,23:54,2,743919
152910,2023-10-23,08:36,1,378295
539661,2023-10-24,20:05,2,852649
346930,2023-10-30,01:41,1,321617
350664,2023-10-28,22:14,1,152465
56911,2023-10-25,09:14,1,46423
959725,2023-10-27,14:45,2,81761
703056,2023-10-28,10:19,1,146052
384254,2023-10-27,12:19,1,590506
594991,2023-10-21,13:29,2,374077
350664,2023-10-27,16:21,2,44836
447691,2023-10-21,04:26,1,654569
151614,2023-10-21,02:43,2,689301
833642,2023-10-29,22:51,2,189261
67201,2023-10-20,15:58,2,424629
209575,2023-10-30,05:51,1,95766
890554,2023-10-24,14:59,2,452922
416811,2023-10-27,10:07,2,152490
574568,2023-10-23,09:31,2,658579
67201,2023-10-23,11:34,2,75191
692254,2023-10-27,00:34,2,380507
484288,2023-10-27,08:06,2,257994
692943,2023-10-27,15:31,1,739135
574650,2023-10-23,15:09,2,161847
523961,2023-10-28,13:02,2,764592
365643,2023-10-22,20:47,1,693044
365643,2023-10-22,13:53,2,980506
11640,2023-10-30,20:02,1,117914
825259,2023-10-25,14:52,2,324732
447691,2023-10-20,19:48,1,690335
289282,2023-10-24,17:37,1,178002
970921,2023-10-22,03:10,2,252433
666970,2023-10-28,21:19,2,940033
21489,2023-10-21,19:19,1,397256
268686,2023-10-21,15:52,2,486395
334696,2023-10-30,04:03,1,741224
331289,2023-10-20,17:47,1,158539
384254,2023-10-21,11:05,2,637024
523961,2023-10-24,01:04,1,604727
407726,2023-10-21,15:24,1,894843
268686,2023-10-24,21:00,2,945920
753031,2023-10-28,01:46,2,736798
766984,2023-10-25,20:15,1,678215
209575,2023-10-24,20:24,1,960596
692943,2023-10-21,21:38,1,668249
151329,2023-10-25,04:38,2,911283
17633,2023-10-21,03:01,2,541434
574568,2023-10-24,05:43,2,848168
905905,2023-10-22,08:54,2,183875
53298,2023-10-23,04:38,1,68347
350664,2023-10-27,20:04,2,104367
349956,2023-10-23,09:14,1,338020
692254,2023-10-23,10:53,1,646905
955842,2023-10-25,16:12,2,902164
574650,2023-10-29,11:48,2,945187
486153,2023-10-30,11:44,2,811270
484288,2023-10-20,11:46,1,284781
614007,2023-10-28,16:25,1,326928
107342,2023-10-22,03:11,1,50906
54128,2023-10-28,15:57,2,912399
890554,2023-10-25,03:40,2,237754
447691,2023-10-27,07:21,1,544876
875679,2023-10-20,06:17,2,845288
692254,2023-10-20,11:42,1,589291
405915,2023-10-22,02:20,1,57632
637724,2023-10-24,00:39,1,803132
56911,2023-10-30,12:27,1,795221
105363,2023-10-22,13:53,2,401410
289282,2023-10-28,11:54,2,939504
890554,2023-10-23,15:03,2,754684
229653,2023-10-29,03:16,1,596601
883783,2023-10-27,02:17,1,435059
544758,2023-10-23,08:30,1,607029
836103,2023-10-22,19:31,2,786848
791914,2023-10-24,22:04,2,358877
152910,2023-10-26,10:29,2,345707
766984,2023-10-28,16:20,2,465219
346930,2023-10-25,19:14,2,703226
447691,2023-10-26,08:07,2,973766
63953,2023-10-20,12:53,1,881564
789376,2023-10-27,11:29,2,422752
574568,2023-10-30,14:24,1,964061
753031,2023-10-27,01:49,1,997306
28364,2023-10-29,16:56,1,81716
766984,2023-10-28,10:27,1,615778
750603,2023-10-30,11:45,2,127296
409180,2023-10-23,22:12,2,192616
649482,2023-10-20,22:29,1,737158
110281,2023-10-21,03:18,1,925951
527763,2023-10-22,03:44,1,590290
219537,2023-10-30,19:05,2,383997
523961,2023-10-21,14:28,2,512011
350664,2023-10-25,12:12,1,636732
438804,2023-10-29,12:54,2,632341
205714,2023-10-21,08:19,1,438692
523961,2023-10-23,02:40,1,186576
780788,2023-10-24,03:36,2,830965
151614,2023-10-25,22:17,1,467240
21489,2023-10-25,16:07,1,791242
115993,2023-10-26,12:34,1,65333
660087,2023-10-25,04:28,2,927608
787264,2023-10-25,18:57,2,617812
721552,2023-10-25,17:33,1,505115
438517,2023-10-27,08:24,2,256914
569873,2023-10-20,08:59,2,347676
28364,2023-10-21,00:09,2,989674
54128,2023-10-20,07:06,1,898007
331289,2023-10-28,00:48,2,713156
268686,2023-10-27,23:30,1,829704
569873,2023-10-24,17:23,2,296992
959725,2023-10-26,05:32,1,848305
54128,2023-10-21,07:02,1,846000
754574,2023-10-25,14:49,2,636290
544758,2023-10-27,03:10,2,7254
438517,2023-10-25,22:32,1,434220
959725,2023-10-24,12:46,1,998141
703056,2023-10-22,05:34,1,441639
285052,2023-10-28,14:42,2,912118
346930,2023-10-30,16:06,1,951410
890554,2023-10-25,18:02,1,725486
970921,2023-10-25,11:28,1,852967
666970,2023-10-21,01:14,1,117818
614007,2023-10-27,22:24,1,29055
825259,2023-10-25,17:39,2,372293
527763,2023-10-24,17:12,2,952737
151329,2023-10-20,19:55,2,915985
325651,2023-10-26,17:24,1,918632
285052,2023-10-27,19:48,1,547083
84282,2023-10-26,15:28,2,224786
237896,2023-10-25,05:46,2,839717
692943,2023-10-22,17:31,2,209405
721552,2023-10-25,00:10,2,161847
754574,2023-10-24,20:14,1,907106
209575,2023-10-20,01:49,1,863262
750603,2023-10-26,11:52,2,82129
114690,2023-10-30,08:33,1,561715
56911,2023-10-23,21:54,2,778457
325651,2023-10-28,00:07,1,810274
28364,2023-10-22,13:06,1,916490
107342,2023-10-24,09:24,1,562689
905905,2023-10-27,09:11,1,17645
289282,2023-10-20,23:17,1,179661
53298,2023-10-30,21:50,1,546291
484288,2023-10-29,11:59,1,157647
596380,2023-10-28,14:38,1,926641
345928,2023-10-25,15:38,2,937797
327363,2023-10-23,16:12,2,12772
703056,2023-10-26,23:53,2,74330
447691,2023-10-24,22:18,2,860573
523961,2023-10-24,07:50,1,369213
34665,2023-10-20,19:35,2,8887
740021,2023-10-23,19:57,2,597976
704642,2023-10-24,03:54,1,184031
780788,2023-10-29,17:15,2,564057
56911,2023-10-30,16:07,1,701330
229653,2023-10-21,02:34,1,412504
569873,2023-10-29,21:00,1,769662
438804,2023-10-30,10:47,1,31261
229653,2023-10-26,09:31,2,856015
205714,2023-10-22,19:17,2,27579
416811,2023-10-25,13:14,2,543992
614007,2023-10-28,01:24,2,624797
787264,2023-10-30,10:52,1,435368
53298,2023-10-28,19:46,1,878087
614007,2023-10-25,07:59,2,763299
750603,2023-10-29,18:22,1,222676
34665,2023-10-23,08:12,1,307928
285052,2023-10-25,08:25,2,768503
833642,2023-10-22,06:48,1,604381
875679,2023-10-26,01:00,2,57950
825259,2023-10-21,09:57,2,170192
825259,2023-10-23,02:11,2,798728
569873,2023-10-22,19:51,2,926577
345928,2023-10-25,02:25,1,674577
294927,2023-10-28,02:59,1,226309
539661,2023-10-26,22:56,2,235140
703056,2023-10-21,20:02,1,160731
28364,2023-10-24,05:09,1,334642
649482,2023-10-22,00:40,1,573035
890554,2023-10-24,03:49,1,802740
349956,2023-10-22,11:52,1,540097
454548,2023-10-27,14:06,2,817377
890554,2023-10-20,23:55,1,617973
766984,2023-10-23,05:40,2,698501
464892,2023-10-24,04:41,2,389130
484288,2023-10-20,06:40,2,730981
464892,2023-10-25,20:53,2,204222
574650,2023-10-23,09:06,1,871137
614007,2023-10-23,12:32,2,127590
346930,2023-10-24,03:40,1,363164
31156,2023-10-20,05:07,1,560625
740021,2023-10-30,16:04,1,266276
21489,2023-10-23,00:02,2,772247
666970,2023-10-21,09:01,2,706844
955842,2023-10-25,18:14,1,154564
721552,2023-10-24,17:42,2,182421
334696,2023-10-24,21:15,1,985868
346930,2023-10-29,12:57,1,81461
409180,2023-10-23,06:29,2,447196
766984,2023-10-25,07:14,1,830076
692254,2023-10-27,02:03,2,531256
350664,2023-10-21,14:27,2,420531
67201,2023-10-27,10:03,2,861433
294927,2023-10-24,04:37,2,147808
205714,2023-10-20,17:55,2,723484
56911,2023-10-27,19:05,1,71453
476682,2023-10-21,13:46,2,242499
484288,2023-10-30,20:25,1,445995
384254,2023-10-29,23:03,2,567485
959725,2023-10-29,10:28,1,423905
110281,2023-10-26,06:54,2,238375
683345,2023-10-23,23:02,1,685191
289282,2023-10-21,00:23,1,561304
438517,2023-10-22,04:33,2,375742
334696,2023-10-28,14:30,1,453071
683345,2023-10-22,23:53,1,358254
750603,2023-10-30,10:30,1,351008
544758,2023-10-21,18:57,2,635879
787264,2023-10-21,18:22,1,771972
825135,2023-10-27,00:01,2,300375
447691,2023-10-29,10:55,1,218917
229653,2023-10-30,21:49,2,271508
539661,2023-10-25,01:09,1,616867
574650,2023-10-24,04:24,1,842397
325651,2023-10-22,13:41,1,704005
523961,2023-10-27,02:43,2,799891
447691,2023-10-24,20:20,2,18756
574650,2023-10-25,12:48,1,855257
11640,2023-10-25,20:56,2,954044
789376,2023-10-26,12:51,1,18266
31156,2023-10-30,00:03,2,419954
438517,2023-10-20,02:30,1,329521
959725,2023-10-26,20:33,1,97230
350664,2023-10-20,07:48,2,206562
285052,2023-10-30,10:39,2,254200
237896,2023-10-21,18:00,1,700121
740021,2023-10-25,17:02,2,21744
56911,2023-10-27,09:14,2,663461
825259,2023-10-23,17:02,1,760511
325651,2023-10-20,06:00,1,907307
883783,2023-10-22,07:57,1,96292
596380,2023-10-20,12:02,1,906642
438804,2023-10-27,12:03,2,327255
237896,2023-10-25,02:19,2,686290
67201,2023-10-27,00:07,1,255620
350664,2023-10-23,03:42,1,102985
692254,2023-10-21,02:37,1,629640
970921,2023-10-21,23:09,2,475170
289282,2023-10-27,09:11,2,14747
110281,2023-10-29,00:51,2,737439
151329,2023-10-23,07:39,1,640277
754574,2023-10-28,06:29,2,705489
209575,2023-10-29,02:06,1,480278
703056,2023-10-29,07:04,1,970614
31156,2023-10-24,00:25,2,773792
721552,2023-10-25,10:11,2,729945
539661,2023-10-24,23:29,2,468375
464892,2023-10-29,16:08,2,338367
780788,2023-10-21,04:21,2,908094
574650,2023-10-20,17:46,1,881956
789376,2023-10-25,03:43,1,584305
614007,2023-10-29,19:31,1,982438
405915,2023-10-20,08:50,2,785107
704642,2023-10-21,06:12,1,523913
110281,2023-10-23,12:49,2,898914
539661,2023-10-24,21:42,2,210558
268686,2023-10-26,05:26,2,951752
409180,2023-10-24,04:58,2,15620
476682,2023-10-29,07:06,2,111917
574650,2023-10-21,03:19,1,403699
54128,2023-10-24,07:59,2,291872
345928,2023-10-30,07:01,1,744090
750603,2023-10-28,08:08,2,489134
594991,2023-10-27,17:29,1,87068
825135,2023-10-22,20:35,1,813234
602543,2023-10-25,08:59,2,377460
905905,2023-10-26,13:16,2,182476
205714,2023-10-27,05:40,1,566855
486153,2023-10-24,16:28,2,969691
766984,2023-10-29,11:08,2,78755
958982,2023-10-20,17:44,2,871427
345928,2023-10-22,20:36,2,942618
294927,2023-10-24,17:07,2,514981
883783,2023-10-27,13:59,1,255818
958982,2023-10-23,03:31,1,916598
589640,2023-10-20,23:24,2,466801
825259,2023-10-30,08:28,1,340186
959725,2023-10-30,00:28,1,481520
602543,2023-10-23,02:14,1,487812
464892,2023-10-26,22:30,1,277173
464892,2023-10-22,20:34,1,11001
602543,2023-10-26,18:04,2,840987
56911,2023-10-25,01:13,2,612762
574650,2023-10-24,01:41,2,242669
978210,2023-10-28,02:57,1,463688
151329,2023-10-20,01:38,2,334174
229653,2023-10-28,15:04,1,750298
110281,2023-10-21,20:05,1,31581
24532,2023-10-28,07:59,2,156965
789376,2023-10-23,09:10,2,566938
53298,2023-10-26,07:54,1,468405
594991,2023-10-22,21:24,1,378216
151614,2023-10-24,05:04,2,656673
791914,2023-10-23,09:25,2,5739
905905,2023-10-30,09:25,1,142352
84282,2023-10-25,20:57,1,20311
229653,2023-10-28,04:49,1,992218
407726,2023-10-22,19:27,1,146329
544758,2023-10-28,21:23,1,427241
569873,2023-10-20,10:33,2,302214
958982,2023-10-29,12:42,1,248772
527763,2023-10-20,19:33,2,812882
67201,2023-10-25,20:03,2,90472
703056,2023-10-30,07:00,2,383000
56911,2023-10-26,09:50,1,378427
703056,2023-10-24,03:51,1,223138
152910,2023-10-22,04:30,1,984603
486153,2023-10-21,23:46,2,610157
407726,2023-10-28,13:39,1,646407
28364,2023-10-25,02:37,2,490696
594991,2023-10-27,07:39,1,414144
890554,2023-10-25,23:00,1,332627
544758,2023-10-24,12:18,1,352485
325651,2023-10-21,05:51,2,835300
596380,2023-10-24,11:32,2,859135
544758,2023-10-26,04:24,1,209428
692943,2023-10-29,04:23,2,623487
574568,2023-10-30,12:27,1,802536
883783,2023-10-25,02:34,1,32340
107342,2023-10-26,19:45,1,881938
978210,2023-10-26,04:53,2,655208
780788,2023-10-23,06:59,2,3226
21489,2023-10-29,08:07,1,423582
294927,2023-10-27,01:29,2,629052
574568,2023-10-26,12:23,2,64011
833642,2023-10-22,17:47,1,904509
637724,2023-10-21,00:51,2,166891
703056,2023-10-26,10:15,1,752950
350664,2023-10-24,10:05,1,948680
54128,2023-10-25,13:43,2,906482
958982,2023-10-28,03:40,1,327440
237896,2023-10-20,21:01,2,729491
692254,2023-10-24,17:50,1,391963
573337,2023-10-24,02:22,2,768446
105363,2023-10-20,02:07,1,893377
438517,2023-10-26,14:10,1,902002
602543,2023-10-30,17:37,1,808310
350664,2023-10-26,16:49,2,378725
151614,2023-10-27,12:59,1,32275
268686,2023-10-29,03:57,2,689358
574568,2023-10-25,23:55,2,836290
331289,2023-10-24,13:36,2,272914
31156,2023-10-29,14:00,1,833585
704642,2023-10-23,09:07,1,520711
476682,2023-10-27,10:50,1,772627
110281,2023-10-26,11:07,1,552231
484288,2023-10-26,00:18,1,324122
766984,2023-10-22,14:42,1,790713
219537,2023-10-24,17:55,1,171795
958982,2023-10-23,11:37,1,62904
464892,2023-10-22,18:13,2,602696
205714,2023-10-24,23:12,1,64049
791914,2023-10-29,23:52,2,113091
471106,2023-10-24,06:29,2,748106
84282,2023-10-28,07:23,2,891929
464892,2023-10-28,12:06,1,31122
574650,2023-10-26,02:07,2,833306
365643,2023-10-30,15:48,1,125119
574568,2023-10-26,11:26,1,621380
602543,2023-10-28,08:26,2,931026
875679,2023-10-22,13:28,1,9705
350664,2023-10-26,04:35,2,850096
959725,2023-10-25,20:46,2,541434
527763,2023-10-29,03:50,2,565259
789376,2023-10-21,02:13,1,647828
955842,2023-10-23,07:18,1,338439
589640,2023-10-28,20:22,2,151324
229653,2023-10-21,17:18,1,667653
11640,2023-10-23,05:13,2,597803
780788,2023-10-30,03:17,1,431574
219537,2023-10-25,21:58,1,108095
875679,2023-10-22,02:05,2,247094
17633,2023-10-22,17:24,1,957287
569873,2023-10-26,04:00,1,899121
219537,2023-10-20,07:20,2,438996
789376,2023-10-23,08:30,1,851474
285052,2023-10-29,09:19,2,892136
836103,2023-10-25,00:51,2,534078
105363,2023-10-27,15:18,1,593647
978210,2023-10-29,14:29,1,278311
740021,2023-10-30,10:56,1,819934
34665,2023-10-21,03:38,2,346691
649482,2023-10-29,04:11,2,102591
343361,2023-10-24,12:24,1,101419
31156,2023-10-27,18:16,1,950470
637724,2023-10-23,03:08,1,249576
692254,2023-10-20,14:49,1,490391
409180,2023-10-28,13:24,1,444928
787264,2023-10-23,02:59,1,348583
753031,2023-10-24,18:08,1,470998
325651,2023-10-23,11:21,2,274579
409180,2023-10-23,22:06,2,701583
692943,2023-10-29,23:41,1,872757
237896,2023-10-26,20:30,2,450897
594991,2023-10-26,22:22,1,137242
875679,2023-10-29,19:29,2,115260
343361,2023-10-29,17:58,2,715363
237896,2023-10-24,14:00,1,320421
325651,2023-10-23,21:07,2,235660
484288,2023-10-29,12:22,2,25602
349956,2023-10-20,07:40,2,972500
24532,2023-10-20,21:28,1,785543
978210,2023-10-20,00:44,2,653487
754574,2023-10-27,09:35,2,675006
959725,2023-10-28,23:53,2,111321
890554,2023-10-24,01:39,1,839010
574650,2023-10-20,06:38,1,365999
289282,2023-10-30,21:49,1,650636
780788,2023-10-20,03:00,1,874798
703056,2023-10-28,06:29,1,222564
527763,2023-10-29,12:36,2,868181
791914,2023-10-21,15:55,1,189454
721552,2023-10-22,10:18,1,242593
409180,2023-10-29,00:55,2,419575
219537,2023-10-20,17:23,2,892284
114690,2023-10-23,01:50,1,412948
780788,2023-10-30,20:25,2,69582
787264,2023-10-23,10:47,1,162981
740021,2023-10-30,09:19,2,440784
602543,2023-10-29,20:57,1,576088
34665,2023-10-28,22:07,2,162710
63953,2023-10-27,15:24,1,50569
833642,2023-10-26,11:46,2,698565
54128,2023-10-29,06:26,2,348221
67201,2023-10-30,15:37,1,883318
56911,2023-10-24,03:27,1,356526
875679,2023-10-24,09:25,1,904605
539661,2023-10-26,18:11,2,306182
825259,2023-10-25,02:16,2,881684
219537,2023-10-21,09:22,2,313821
660087,2023-10-21,04:08,1,428449
346930,2023-10-22,21:49,2,223171
890554,2023-10-27,14:27,1,287914
151329,2023-10-25,06:33,2,905095
56911,2023-10-29,16:19,2,461375
151614,2023-10-21,06:37,1,669785
721552,2023-10-28,00:43,2,277821
573337,2023-10-26,09:31,2,208538
959725,2023-10-29,18:23,1,824936
905905,2023-10-26,05:43,2,349315
574568,2023-10-26,19:46,1,279944
718028,2023-10-30,00:26,1,951355
115993,2023-10-20,12:48,1,646340
970921,2023-10-23,08:45,1,943305
875679,2023-10-25,08:30,2,146530
486153,2023-10-24,02:46,2,258754
836103,2023-10-21,06:08,2,154214
345928,2023-10-23,17:17,1,141038
573337,2023-10-20,06:36,2,289537
754574,2023-10-28,15:27,1,399524
704642,2023-10-29,01:52,1,40348
28364,2023-10-30,12:14,1,546978
209575,2023-10-25,21:51,1,905433
365643,2023-10-20,12:21,2,755420
539661,2023-10-23,22:33,2,395341
905905,2023-10-26,09:48,2,512134
28364,2023-10-23,09:07,1,902087
327363,2023-10-28,09:04,1,549019
454548,2023-10-30,22:40,2,337344
791914,2023-10-23,05:39,1,334124
151614,2023-10-24,00:44,1,930321
21489,2023-10-29,16:08,1,112659
54128,2023-10-20,05:04,2,371595
602543,2023-10-26,11:43,1,38981
789376,2023-10-28,16:20,1,893088
692943,2023-10-26,00:34,1,315327
438517,2023-10-28,05:09,1,57315
105363,2023-10-20,06:32,2,851692
602543,2023-10-27,07:35,2,292574
152910,2023-10-25,20:58,2,137074
56911,2023-10-30,17:13,2,562789
649482,2023-10-21,07:20,1,172435
574650,2023-10-26,16:56,1,565216
602543,2023-10-25,20:52,2,266253
486153,2023-10-20,11:37,1,987286
17633,2023-10-26,02:40,1,603686
21489,2023-10-26,06:11,2,828632
114690,2023-10-21,11:15,2,876816
384254,2023-10-22,00:38,2,770537
750603,2023-10-26,06:13,1,360929
574568,2023-10-24,08:21,2,147967
666970,2023-10-30,10:10,2,572603
365643,2023-10-29,18:43,1,587495
416811,2023-10-30,11:41,1,873815
438804,2023-10-27,06:22,2,143077
955842,2023-10-28,06:46,1,754317
614007,2023-10-24,08:33,1,278075
905905,2023-10-28,03:36,2,728878
24532,2023-10-24,12:04,2,137796
34665,2023-10-23,05:54,2,873049
219537,2023-10-27,17:25,2,3369
229653,2023-10-26,09:35,2,577220
780788,2023-10-20,19:54,1,708818
464892,2023-10-25,09:30,2,241719
476682,2023-10-24,16:51,2,524716
11640,2023-10-29,06:07,1,759031
115993,2023-10-25,04:50,1,696742
229653,2023-10-26,01:53,2,291990
447691,2023-10-23,19:21,1,595586
527763,2023-10-29,14:40,1,819553
334696,2023-10-23,12:22,1,294623
692943,2023-10-22,00:40,2,242778
229653,2023-10-21,00:03,1,415136
31156,2023-10-26,18:42,1,152621
294927,2023-10-24,01:54,2,687673
229653,2023-10-29,14:29,1,312546
334696,2023-10-26,18:37,1,643012
151614,2023-10-25,22:50,1,698200
54128,2023-10-25,03:08,1,649090
407726,2023-10-20,16:19,1,375567
17633,2023-10-27,10:31,1,325333
484288,2023-10-21,22:43,1,71374
416811,2023-10-29,11:00,2,913850
614007,2023-10-27,17:57,1,512468
970921,2023-10-30,07:02,2,544437
718028,2023-10-22,21:46,1,4580
152910,2023-10-27,02:30,1,901368
471106,2023-10-30,12:11,2,999945
24532,2023-10-22,00:39,1,593933
67201,2023-10-29,01:36,2,477500
345928,2023-10-23,10:24,2,710418
890554,2023-10-20,02:19,1,262558
484288,2023-10-28,20:16,2,885352
416811,2023-10-26,04:58,1,687960
53298,2023-10-21,18:36,2,305342
875679,2023-10-27,19:40,2,981704
409180,2023-10-29,18:54,1,683657
833642,2023-10-23,00:31,2,485878
11640,2023-10-27,13:04,1,816075
780788,2023-10-27,13:39,2,67492
602543,2023-10-30,02:09,1,615451
692254,2023-10-30,13:36,2,687706
666970,2023-10-22,00:27,1,915050
970921,2023-10-29,02:16,2,845652
970921,2023-10-27,20:44,2,190105
883783,2023-10-30,00:09,2,369057
754574,2023-10-26,05:22,1,735580
34665,2023-10-20,06:26,1,443790
67201,2023-10-30,00:55,1,48925
825259,2023-10-27,14:09,1,122740
766984,2023-10-20,13:25,1,497173
438517,2023-10-20,12:38,1,19875
602543,2023-10-22,12:27,2,799069
692943,2023-10-23,00:39,1,671794
438804,2023-10-28,08:59,1,64453
325651,2023-10-27,00:32,2,158946
589640,2023-10-21,05:14,1,917292
17633,2023-10-29,22:03,1,940642
905905,2023-10-30,02:06,1,905312
209575,2023-10-24,07:27,1,518384
594991,2023-10-21,18:11,1,83919
596380,2023-10-25,23:33,1,888059
346930,2023-10-30,03:42,1,588396
539661,2023-10-24,15:19,1,165575
750603,2023-10-25,06:33,1,106113
205714,2023-10-26,15:12,2,533245
602543,2023-10-28,02:55,1,116262
596380,2023-10-26,05:06,1,859557
750603,2023-10-20,09:36,2,986577
970921,2023-10-20,04:03,2,976355
17633,2023-10-29,17:37,2,247402
285052,2023-10-20,02:07,1,982801
34665,2023-10-20,13:33,1,833105
637724,2023-10-21,20:26,1,298562
602543,2023-10-27,03:07,1,799056
464892,2023-10-26,07:19,1,277700
766984,2023-10-29,17:54,1,936660
692254,2023-10-28,15:51,1,388291
349956,2023-10-24,02:52,2,56598
56911,2023-10-26,04:37,2,987460
349956,2023-10-24,03:02,1,144520
334696,2023-10-25,18:36,1,214406
114690,2023-10-26,05:17,2,559841
17633,2023-10-21,13:36,1,184522
836103,2023-10-29,11:27,1,880905
955842,2023-10-21,13:39,2,739911
486153,2023-10-26,19:14,1,656504
11640,2023-10-23,16:33,2,621266
237896,2023-10-23,22:23,2,529864
464892,2023-10-27,18:47,1,368590
438517,2023-10-25,16:31,2,753525
63953,2023-10-29,23:54,1,852984
574568,2023-10-30,23:53,1,330936
569873,2023-10-26,09:11,2,250627
350664,2023-10-25,07:57,2,999944
569873,2023-10-28,10:06,2,745021
780788,2023-10-30,10:21,1,830505
219537,2023-10-21,23:46,2,879286
219537,2023-10-22,05:20,1,51016
574650,2023-10-26,08:54,1,950020
464892,2023-10-29,15:06,1,382591
544758,2023-10-22,06:38,2,484053
890554,2023-10-25,01:17,2,979740
67201,2023-10-24,16:22,2,448341
110281,2023-10-22,02:00,2,710534
692254,2023-10-30,10:48,2,146351
471106,2023-10-28,12:33,2,332587
721552,2023-10-20,08:52,1,730007
11640,2023-10-25,04:29,1,128232
789376,2023-10-24,16:49,2,645062
978210,2023-10-21,13:19,2,915248
836103,2023-10-28,23:53,1,17304
54128,2023-10-27,11:43,1,248835
114690,2023-10-23,09:27,1,959680
589640,2023-10-29,20:55,1,373386
596380,2023-10-20,07:12,2,728542
791914,2023-10-30,04:36,1,355527
345928,2023-10-20,04:31,2,172769
471106,2023-10-21,02:24,2,965092
955842,2023-10-22,00:44,2,498890
346930,2023-10-30,06:47,2,14101
596380,2023-10-20,14:20,1,488115
334696,2023-10-20,13:44,1,551979
905905,2023-10-30,00:05,1,965674
825259,2023-10-21,11:32,2,133630
409180,2023-10-29,18:51,2,600370
569873,2023-10-20,05:36,1,600971
454548,2023-10-22,21:41,1,484496
753031,2023-10-27,00:43,1,11581
486153,2023-10-20,11:55,2,923587
334696,2023-10-26,02:30,2,879234
289282,2023-10-27,06:58,2,644941
294927,2023-10-28,00:03,1,797154
28364,2023-10-29,11:25,1,469271
334696,2023-10-27,02:17,2,445058
438804,2023-10-20,07:24,1,768503
110281,2023-10-25,03:18,2,509509
343361,2023-10-29,15:00,1,560922
384254,2023-10-23,01:14,2,920615
660087,2023-10-22,03:14,2,559458
346930,2023-10-22,17:16,2,912961
345928,2023-10-21,17:47,2,402185
454548,2023-10-21,04:12,2,860845
31156,2023-10-22,01:22,2,847568
346930,2023-10-27,16:35,1,277019
574568,2023-10-25,07:05,2,941737
67201,2023-10-26,17:17,2,857652
476682,2023-10-26,09:44,2,7418
219537,2023-10-27,07:40,2,225263
115993,2023-10-25,05:01,1,393434
890554,2023-10-23,20:02,2,260413
289282,2023-10-30,12:26,2,333696
649482,2023-10-20,13:43,1,665872
754574,2023-10-21,05:59,1,316437
666970,2023-10-23,00:18,1,246859
703056,2023-10-26,20:07,2,307329
692943,2023-10-23,00:10,2,7317
285052,2023-10-22,03:30,2,672323
345928,2023-10-21,02:58,1,322587
107342,2023-10-24,07:20,1,539873
327363,2023-10-22,17:51,2,319795
692254,2023-10-22,21:26,2,423029
21489,2023-10-24,22:11,2,472838
409180,2023-10-26,20:32,1,623536
54128,2023-10-23,13:05,2,801759
890554,2023-10-30,03:14,2,514346
905905,2023-10-25,03:16,2,359641
384254,2023-10-20,03:34,2,518439
349956,2023-10-30,18:28,2,946986
56911,2023-10-21,00:50,2,681183
484288,2023-10-29,22:27,2,885315
574650,2023-10-30,20:10,2,116922
958982,2023-10-30,02:12,2,677522
471106,2023-10-28,03:11,1,417637
327363,2023-10-25,02:17,1,371550
683345,2023-10-20,03:16,2,990814
486153,2023-10-29,06:18,2,231158
825135,2023-10-20,11:02,2,539877
346930,2023-10-23,04:42,1,718408
649482,2023-10-28,03:34,2,123727
955842,2023-10-20,01:32,2,334220
574650,2023-10-20,04:02,2,718741
24532,2023-10-22,13:08,1,626835
289282,2023-10-29,15:25,2,262455
409180,2023-10-24,01:51,1,307997
692943,2023-10-23,01:33,1,987282
334696,2023-10-23,12:28,1,803809
766984,2023-10-25,20:19,1,966088
703056,2023-10-25,21:36,1,65889
569873,2023-10-23,02:46,1,869125
294927,2023-10-29,18:45,1,875368
825259,2023-10-22,00:57,2,723006
754574,2023-10-29,22:54,1,951232
268686,2023-10-21,18:17,2,229050
959725,2023-10-20,11:48,2,91457
325651,2023-10-24,13:02,2,516292
825259,2023-10-24,15:34,1,709511
970921,2023-10-25,04:55,1,950116
384254,2023-10-25,18:13,2,387096
721552,2023-10-28,21:59,1,651232
718028,2023-10-29,13:39,2,552404
958982,2023-10-24,01:49,1,714736
692254,2023-10-21,21:08,1,98022
602543,2023-10-20,23:55,1,686611
486153,2023-10-25,00:43,2,586285
958982,2023-10-21,11:50,2,26209
683345,2023-10-23,08:29,2,21684
471106,2023-10-30,10:08,2,617784
955842,2023-10-28,17:37,1,110463
666970,2023-10-25,21:09,2,557732
833642,2023-10-30,09:06,1,517292
704642,2023-10-22,20:47,2,546294
327363,2023-10-27,11:33,2,102704
875679,2023-10-20,13:37,2,795481
958982,2023-10-27,05:19,1,558065
791914,2023-10-20,11:29,1,473582
750603,2023-10-27,17:22,2,667634
539661,2023-10-22,05:21,1,621264
114690,2023-10-30,06:05,1,974254
486153,2023-10-30,07:47,1,482566
34665,2023-10-21,07:02,2,788124
447691,2023-10-26,07:39,2,237583
649482,2023-10-26,14:31,2,753793
438517,2023-10-29,00:20,1,600892
438517,2023-10-29,18:48,2,318426
959725,2023-10-25,06:24,2,124229
17633,2023-10-30,05:07,2,909065
464892,2023-10-29,01:49,2,43608
683345,2023-10-29,12:36,1,829463
833642,2023-10-30,12:20,1,356621
409180,2023-10-23,22:12,2,869082
574650,2023-10-30,09:48,1,390719
574650,2023-10-29,03:26,2,214146
54128,2023-10-26,17:39,2,451427
574568,2023-10-27,05:25,1,167424
409180,2023-10-20,21:35,1,44719
53298,2023-10-20,11:17,1,109489
692943,2023-10-28,10:07,1,713894
110281,2023-10-21,19:24,1,889007
574568,2023-10-23,16:40,1,169063
825259,2023-10-22,07:40,1,441354
447691,2023-10-28,23:03,1,708395
54128,2023-10-20,20:50,1,115121
614007,2023-10-28,23:32,1,109164
970921,2023-10-21,05:23,1,9900
750603,2023-10-24,06:49,2,608816
152910,2023-10-22,00:34,2,689588
484288,2023-10-29,18:32,1,337745
791914,2023-10-22,23:28,2,174243
447691,2023-10-30,14:30,1,250177
350664,2023-10-29,02:17,2,497462
825259,2023-10-20,05:21,1,638730
405915,2023-10-24,17:41,1,862789
978210,2023-10-26,09:55,1,156940
454548,2023-10-24,10:00,1,698026
660087,2023-10-20,03:50,2,397013
740021,2023-10-30,21:05,2,217089
791914,2023-10-30,20:43,1,748677
11640,2023-10-27,03:31,2,347429
294927,2023-10-20,10:06,1,889418
649482,2023-10-29,13:15,2,461028
614007,2023-10-27,20:57,1,264220
787264,2023-10-20,00:28,1,873133
285052,2023-10-25,14:05,2,789412
34665,2023-10-26,17:19,2,726410
219537,2023-10-23,00:33,1,331222
405915,2023-10-29,15:46,1,51664
115993,2023-10-23,01:48,2,626923
875679,2023-10-21,17:09,2,286543
384254,2023-10-23,02:08,1,459664
325651,2023-10-27,17:15,1,918431
527763,2023-10-21,17:16,1,725926
721552,2023-10-25,14:56,1,76315
21489,2023-10-24,17:26,2,949262
754574,2023-10-23,07:31,1,986975
464892,2023-10-30,16:30,1,967589
836103,2023-10-23,11:46,2,265052
978210,2023-10-21,20:25,1,570552
53298,2023-10-24,09:24,1,87763
649482,2023-10-23,10:30,1,232917
350664,2023-10-27,04:41,1,521141
345928,2023-10-27,07:06,1,906693
349956,2023-10-26,03:31,1,1433
471106,2023-10-30,21:28,1,957559
527763,2023-10-22,16:16,2,968275
596380,2023-10-28,17:14,1,908967
789376,2023-10-23,16:16,2,237322
345928,2023-10-27,23:44,1,812634
471106,2023-10-29,15:05,2,44064
327363,2023-10-25,18:30,1,330617
692943,2023-10-20,16:32,2,866405
334696,2023-10-21,06:41,2,990456
833642,2023-10-29,08:41,1,236201
416811,2023-10-20,01:02,2,120951
63953,2023-10-23,07:26,2,304218
527763,2023-10-24,19:19,2,7513
21489,2023-10-29,01:52,2,283285
416811,2023-10-21,03:32,1,622783
959725,2023-10-27,20:36,1,156612
666970,2023-10-20,09:01,2,326138
24532,2023-10-21,08:20,1,861500
666970,2023-10-23,03:35,1,825149
384254,2023-10-25,18:00,2,633778
438517,2023-10-27,11:33,1,557792
151614,2023-10-29,01:34,2,763675
209575,2023-10-24,12:54,1,250215
11640,2023-10-25,21:09,2,178959
890554,2023-10-23,05:32,2,55280
959725,2023-10-24,03:40,1,885808
754574,2023-10-22,07:26,1,757163
209575,2023-10-24,21:36,1,20094
229653,2023-10-29,11:11,1,786337
325651,2023-10-29,06:57,1,874150
438804,2023-10-29,08:25,2,311411
289282,2023-10-26,10:26,1,537771
718028,2023-10-23,10:41,2,276628
34665,2023-10-25,18:55,2,938074
237896,2023-10-24,03:43,1,734894
833642,2023-10-25,14:38,2,287248
825259,2023-10-27,00:12,1,733896
114690,2023-10-26,16:06,1,680974
753031,2023-10-30,13:03,1,287507
596380,2023-10-30,20:04,2,677481
107342,2023-10-29,17:14,2,220628
683345,2023-10-28,00:26,2,890559
574650,2023-10-21,10:49,1,643814
409180,2023-10-24,20:39,1,872806
405915,2023-10-20,11:25,1,712336
63953,2023-10-23,01:43,2,681284
637724,2023-10-28,08:38,1,95482
409180,2023-10-24,05:39,2,489503
905905,2023-10-24,11:46,2,389016
345928,2023-10-27,21:41,1,696850
327363,2023-10-23,22:52,1,471315
237896,2023-10-23,01:05,1,621567
105363,2023-10-30,08:28,1,297306
649482,2023-10-26,05:58,2,436481
958982,2023-10-22,23:34,2,479156
350664,2023-10-26,02:07,1,242261
34665,2023-10-25,23:12,2,870108
17633,2023-10-27,11:12,1,717149
447691,2023-10-24,05:03,1,767571
21489,2023-10-24,23:50,1,204898
152910,2023-10-24,02:18,2,249382
666970,2023-10-27,18:14,1,998631
346930,2023-10-27,18:00,2,913383
750603,2023-10-24,19:17,1,3542
219537,2023-10-23,17:53,2,564268
753031,2023-10-25,17:33,2,242496
833642,2023-10-23,17:49,1,706805
825259,2023-10-24,20:25,2,406194
766984,2023-10-21,16:08,1,434
407726,2023-10-22,15:27,1,931881
970921,2023-10-20,13:12,1,616654
345928,2023-10-24,16:00,1,168300
407726,2023-10-27,03:21,1,688103
53298,2023-10-29,22:18,2,903548
955842,2023-10-23,09:25,2,125634
219537,2023-10-23,06:41,1,162484
791914,2023-10-28,22:02,2,320929
325651,2023-10-24,05:19,1,359857
219537,2023-10-22,01:55,2,501460
692943,2023-10-28,07:33,1,799837
740021,2023-10-26,21:39,2,228512
958982,2023-10-30,22:46,2,484818
151614,2023-10-22,18:43,2,395093
325651,2023-10-26,08:28,1,936624
294927,2023-10-20,15:54,2,596800
151329,2023-10-20,21:38,2,604602
978210,2023-10-26,15:14,1,29127
573337,2023-10-29,13:27,2,936120
753031,2023-10-21,09:29,1,286016
447691,2023-10-20,11:25,2,888481
31156,2023-10-21,08:31,2,426649
110281,2023-10-25,17:44,1,727284
787264,2023-10-22,15:37,2,863391
569873,2023-10-25,22:35,2,560882
110281,2023-10-22,05:30,1,771019
683345,2023-10-24,07:20,2,650111
649482,2023-10-22,11:22,2,560697
787264,2023-10-30,01:55,2,806209
151614,2023-10-26,13:07,2,805843
56911,2023-10-25,23:37,2,15244
649482,2023-10-22,16:33,1,696845
602543,2023-10-24,20:54,1,841805
343361,2023-10-22,07:41,2,357728
825135,2023-10-28,20:28,1,904578
285052,2023-10-23,21:34,1,886172
539661,2023-10-30,20:08,1,570816
334696,2023-10-25,19:26,1,413842
718028,2023-10-27,02:28,1,861353
325651,2023-10-28,00:24,2,736860
754574,2023-10-23,02:05,1,541062
24532,2023-10-27,11:35,2,651284
24532,2023-10-24,02:12,2,90155
523961,2023-10-22,02:00,1,519035
346930,2023-10-22,05:01,1,482035
750603,2023-10-28,10:40,2,135769
959725,2023-10-23,17:44,1,206562
84282,2023-10-20,17:05,2,366516
683345,2023-10-27,20:20,2,826823
447691,2023-10-29,15:51,2,338752
666970,2023-10-24,21:07,2,930729
114690,2023-10-27,16:16,2,617663
958982,2023-10-26,02:36,1,783117
721552,2023-10-30,21:25,1,160787
346930,2023-10-29,11:00,2,841761
343361,2023-10-20,08:23,1,586885
464892,2023-10-30,21:27,2,446768
569873,2023-10-24,04:06,2,500402
905905,2023-10-23,15:09,2,733196
447691,2023-10-26,04:56,2,58896
666970,2023-10-21,21:57,1,328421
237896,2023-10-22,07:27,1,923526
754574,2023-10-29,13:55,2,926188
84282,2023-10-23,10:26,2,938631
955842,2023-10-23,18:40,1,145362
294927,2023-10-27,12:26,2,856608
21489,2023-10-22,01:33,1,276805
268686,2023-10-26,22:23,2,712039
447691,2023-10-24,11:55,2,347111
589640,2023-10-23,21:39,1,833413
476682,2023-10-30,21:25,2,151934
365643,2023-10-21,18:56,1,242458
152910,2023-10-22,12:30,2,326121
407726,2023-10-20,00:44,2,750283
107342,2023-10-28,22:03,1,681890
486153,2023-10-26,04:43,1,638900
438517,2023-10-23,09:45,2,666841
890554,2023-10-28,22:53,2,583588
438804,2023-10-20,08:34,1,288406
294927,2023-10-26,10:32,1,229866
105363,2023-10-30,11:24,2,905219
84282,2023-10-28,03:51,1,999032
331289,2023-10-30,12:38,1,776262
343361,2023-10-21,12:29,1,249967
407726,2023-10-21,01:08,1,680611
229653,2023-10-23,06:12,1,161346
454548,2023-10-25,03:06,2,553359
471106,2023-10-21,04:39,2,617960
115993,2023-10-25,19:02,2,128536
539661,2023-10-25,23:39,1,78461
978210,2023-10-24,17:21,2,745388
34665,2023-10-22,05:01,1,391464
11640,2023-10-24,22:12,1,476033
17633,2023-10-26,01:40,1,681948
110281,2023-10-23,07:58,1,128627
890554,2023-10-22,08:24,2,618525
151329,2023-10-27,18:32,1,799972
883783,2023-10-21,02:25,1,504299
544758,2023-10-23,13:18,2,598436
978210,2023-10-21,22:06,2,842775
350664,2023-10-24,21:01,2,446217
721552,2023-10-26,18:07,1,768370
205714,2023-10-28,19:03,2,435729
438517,2023-10-25,05:01,2,738954
833642,2023-10-20,18:46,1,517500
875679,2023-10-22,07:53,1,692659
34665,2023-10-23,14:35,2,238050
721552,2023-10-30,11:38,1,974680
789376,2023-10-23,16:55,2,454219
484288,2023-10-27,22:58,2,649631
268686,2023-10-29,15:10,2,224127
219537,2023-10-30,12:40,1,739999
454548,2023-10-25,12:58,1,322447
454548,2023-10-20,07:53,2,930700
471106,2023-10-28,10:50,2,223475
